{
  "start_days": 0.0945694789827509,
  "grow_days": 0.19411671311244977,
  "max_bad_streak": -0.2046834698964957,
  "growth_was_reset": 0.8467590453203232,
  "soil_avg_14d": 0.3386486632051615,
  "current_soil": -0.2714359291713763,
  "warming_rate": 0.3747957510108414,
  "precip_events": 0.7021384083001186,
  "is_currently_good": 1.0419466093490535,
  "intercept": -7.674089969019447
}