{
  "bounds": {
    "south": 38.713390092879244,
    "north": 39.48660990712074,
    "west": -120.29999999999998,
    "east": -119.84999999999998
  },
  "leaflet_bounds": [
    [
      38.713390092879244,
      -120.29999999999998
    ],
    [
      39.48660990712074,
      -119.84999999999998
    ]
  ]
}