{
  "bounds": {
    "south": 37.87874818049491,
    "north": 40.721251819505085,
    "west": -121.6,
    "east": -119.2
  },
  "leaflet_bounds": [
    [
      37.87874818049491,
      -121.6
    ],
    [
      40.721251819505085,
      -119.2
    ]
  ]
}